PRAGMA foreign_keys = ON;

BEGIN TRANSACTION;

DELETE FROM task_completions WHERE task_id BETWEEN 2001 AND 2016;
DELETE FROM task_fixed_dates WHERE task_id BETWEEN 2001 AND 2016;
DELETE FROM task_recurrence_rules WHERE task_id BETWEEN 2001 AND 2016;
DELETE FROM tasks WHERE id BETWEEN 2001 AND 2016;
DELETE FROM categories WHERE id BETWEEN 1001 AND 1005;

INSERT INTO categories (id, created_at, updated_at, color, name) VALUES
  (1001, '2026-04-29 09:00:00', '2026-04-29 09:00:00', '#2563EB', 'Finance'),
  (1002, '2026-04-29 09:00:00', '2026-04-29 09:00:00', '#16A34A', 'Health'),
  (1003, '2026-04-29 09:00:00', '2026-04-29 09:00:00', '#EA580C', 'Home'),
  (1004, '2026-04-29 09:00:00', '2026-04-29 09:00:00', '#7C3AED', 'Work'),
  (1005, '2026-04-29 09:00:00', '2026-04-29 09:00:00', '#0891B2', 'Learning');

INSERT INTO tasks (
  id, created_at, updated_at, description, end_date, is_active, name,
  recurrence_type, start_date, category_id
) VALUES
  (2001, '2026-04-29 09:00:00', '2026-04-29 09:00:00', 'Confirm mortgage/rent payment clears.', NULL, 1, 'Mortgage / rent payment', 'FIXED_DATE', '2026-01-01', 1001),
  (2002, '2026-04-29 09:00:00', '2026-04-29 09:00:00', 'Pay the main credit card before the statement due date.', NULL, 1, 'Credit card payment', 'FIXED_DATE', '2026-01-01', 1001),
  (2003, '2026-04-29 09:00:00', '2026-04-29 09:00:00', 'Review this month''s spend and adjust next month''s budget.', NULL, 1, 'Monthly budget review', 'FIXED_DATE', '2026-01-01', 1001),
  (2004, '2026-04-29 09:00:00', '2026-04-29 09:00:00', 'Log water, sleep, and symptoms.', NULL, 1, 'Health check-in', 'INTERVAL', '2026-04-01', 1002),
  (2005, '2026-04-29 09:00:00', '2026-04-29 09:00:00', 'Strength training or cardio session.', NULL, 1, 'Workout session', 'INTERVAL', '2026-04-02', 1002),
  (2006, '2026-04-29 09:00:00', '2026-04-29 09:00:00', 'Prepare medications and supplements for the next week.', NULL, 1, 'Refill pill organizer', 'INTERVAL', '2026-04-06', 1002),
  (2007, '2026-04-29 09:00:00', '2026-04-29 09:00:00', 'Water indoor plants and check soil moisture.', NULL, 1, 'Water plants', 'INTERVAL', '2026-04-01', 1003),
  (2008, '2026-04-29 09:00:00', '2026-04-29 09:00:00', 'Clean kitchen, bathroom, floors, and laundry.', NULL, 1, 'Weekly cleaning reset', 'INTERVAL', '2026-04-04', 1003),
  (2009, '2026-04-29 09:00:00', '2026-04-29 09:00:00', 'Review pantry and restock groceries.', NULL, 1, 'Grocery restock', 'WEEKDAY', '2026-01-01', 1003),
  (2010, '2026-04-29 09:00:00', '2026-04-29 09:00:00', 'Back up laptop and important documents.', NULL, 1, 'Device backup', 'FIXED_DATE', '2026-01-01', 1003),
  (2011, '2026-04-29 09:00:00', '2026-04-29 09:00:00', 'Plan sprint priorities and blockers.', NULL, 1, 'Team planning', 'INTERVAL', '2026-04-01', 1004),
  (2012, '2026-04-29 09:00:00', '2026-04-29 09:00:00', 'Send progress notes and risks to stakeholders.', NULL, 1, 'Stakeholder update', 'INTERVAL', '2026-04-03', 1004),
  (2013, '2026-04-29 09:00:00', '2026-04-29 09:00:00', 'Review metrics, goals, and next month priorities.', NULL, 1, 'Monthly work review', 'WEEKDAY', '2026-01-01', 1004),
  (2014, '2026-04-29 09:00:00', '2026-04-29 09:00:00', 'Read one chapter or long-form article.', NULL, 1, 'Reading block', 'INTERVAL', '2026-04-01', 1005),
  (2015, '2026-04-29 09:00:00', '2026-04-29 09:00:00', 'Practice notes, drills, or a short project.', NULL, 1, 'Skill practice', 'INTERVAL', '2026-04-02', 1005),
  (2016, '2026-04-29 09:00:00', '2026-04-29 09:00:00', 'Capture what worked and what to improve.', NULL, 0, 'Learning reflection', 'WEEKDAY', '2026-01-01', 1005);

INSERT INTO task_fixed_dates (id, created_at, day_of_month, task_id) VALUES
  (3001, '2026-04-29 09:00:00', 1, 2001),
  (3002, '2026-04-29 09:00:00', 12, 2002),
  (3003, '2026-04-29 09:00:00', 28, 2003),
  (3004, '2026-04-29 09:00:00', 31, 2010);

INSERT INTO task_recurrence_rules (
  id, created_at, updated_at, fallback_to_last_day, interval_unit,
  interval_value, week_of_month, weekday, task_id
) VALUES
  (4001, '2026-04-29 09:00:00', '2026-04-29 09:00:00', 1, 'DAYS', 7, NULL, NULL, 2004),
  (4002, '2026-04-29 09:00:00', '2026-04-29 09:00:00', 1, 'DAYS', 2, NULL, NULL, 2005),
  (4003, '2026-04-29 09:00:00', '2026-04-29 09:00:00', 1, 'WEEKS', 1, NULL, NULL, 2006),
  (4004, '2026-04-29 09:00:00', '2026-04-29 09:00:00', 1, 'DAYS', 3, NULL, NULL, 2007),
  (4005, '2026-04-29 09:00:00', '2026-04-29 09:00:00', 1, 'WEEKS', 1, NULL, NULL, 2008),
  (4006, '2026-04-29 09:00:00', '2026-04-29 09:00:00', 1, NULL, NULL, 'SECOND', 'SATURDAY', 2009),
  (4007, '2026-04-29 09:00:00', '2026-04-29 09:00:00', 1, 'WEEKS', 1, NULL, NULL, 2011),
  (4008, '2026-04-29 09:00:00', '2026-04-29 09:00:00', 1, 'WEEKS', 1, NULL, NULL, 2012),
  (4009, '2026-04-29 09:00:00', '2026-04-29 09:00:00', 1, NULL, NULL, 'LAST', 'FRIDAY', 2013),
  (4010, '2026-04-29 09:00:00', '2026-04-29 09:00:00', 1, 'DAYS', 2, NULL, NULL, 2014),
  (4011, '2026-04-29 09:00:00', '2026-04-29 09:00:00', 1, 'DAYS', 3, NULL, NULL, 2015),
  (4012, '2026-04-29 09:00:00', '2026-04-29 09:00:00', 1, NULL, NULL, 'LAST', 'SUNDAY', 2016);

INSERT INTO task_completions (
  id, created_at, updated_at, completion_date, occurrence_date, task_id
) VALUES
  (5001, '2026-04-29 09:00:00', '2026-04-29 09:00:00', '2026-04-01', '2026-04-01', 2001),
  (5002, '2026-04-29 09:00:00', '2026-04-29 09:00:00', '2026-04-12', '2026-04-12', 2002),
  (5003, '2026-04-29 09:00:00', '2026-04-29 09:00:00', '2026-04-29', '2026-04-28', 2003),
  (5004, '2026-04-29 09:00:00', '2026-04-29 09:00:00', '2026-04-01', '2026-04-01', 2004),
  (5005, '2026-04-29 09:00:00', '2026-04-29 09:00:00', '2026-04-02', '2026-04-02', 2005),
  (5006, '2026-04-29 09:00:00', '2026-04-29 09:00:00', '2026-04-06', '2026-04-06', 2006),
  (5007, '2026-04-29 09:00:00', '2026-04-29 09:00:00', '2026-04-01', '2026-04-01', 2007),
  (5008, '2026-04-29 09:00:00', '2026-04-29 09:00:00', '2026-04-04', '2026-04-04', 2008),
  (5009, '2026-04-29 09:00:00', '2026-04-29 09:00:00', '2026-04-11', '2026-04-11', 2009),
  (5010, '2026-04-29 09:00:00', '2026-04-29 09:00:00', '2026-04-29', '2026-04-29', 2010),
  (5011, '2026-04-29 09:00:00', '2026-04-29 09:00:00', '2026-04-01', '2026-04-01', 2011),
  (5012, '2026-04-29 09:00:00', '2026-04-29 09:00:00', '2026-04-03', '2026-04-03', 2012),
  (5013, '2026-04-29 09:00:00', '2026-04-29 09:00:00', '2026-04-24', '2026-04-24', 2013),
  (5014, '2026-04-29 09:00:00', '2026-04-29 09:00:00', '2026-04-01', '2026-04-01', 2014),
  (5015, '2026-04-29 09:00:00', '2026-04-29 09:00:00', '2026-04-02', '2026-04-02', 2015),
  (5016, '2026-04-29 09:00:00', '2026-04-29 09:00:00', '2026-04-26', '2026-04-26', 2016),
  (5017, '2026-04-29 09:00:00', '2026-04-29 09:00:00', '2026-04-08', '2026-04-08', 2011),
  (5018, '2026-04-29 09:00:00', '2026-04-29 09:00:00', '2026-04-10', '2026-04-10', 2012),
  (5019, '2026-04-29 09:00:00', '2026-04-29 09:00:00', '2026-04-15', '2026-04-15', 2011),
  (5020, '2026-04-29 09:00:00', '2026-04-29 09:00:00', '2026-04-17', '2026-04-17', 2012),
  (5021, '2026-04-29 09:00:00', '2026-04-29 09:00:00', '2026-04-22', '2026-04-22', 2011),
  (5022, '2026-04-29 09:00:00', '2026-04-29 09:00:00', '2026-04-24', '2026-04-24', 2012),
  (5023, '2026-04-29 09:00:00', '2026-04-29 09:00:00', '2026-04-08', '2026-04-08', 2004),
  (5024, '2026-04-29 09:00:00', '2026-04-29 09:00:00', '2026-04-15', '2026-04-15', 2004),
  (5025, '2026-04-29 09:00:00', '2026-04-29 09:00:00', '2026-04-22', '2026-04-22', 2004),
  (5026, '2026-04-29 09:00:00', '2026-04-29 09:00:00', '2026-04-04', '2026-04-04', 2005),
  (5027, '2026-04-29 09:00:00', '2026-04-29 09:00:00', '2026-04-06', '2026-04-06', 2005),
  (5028, '2026-04-29 09:00:00', '2026-04-29 09:00:00', '2026-04-08', '2026-04-08', 2005),
  (5029, '2026-04-29 09:00:00', '2026-04-29 09:00:00', '2026-04-10', '2026-04-10', 2005),
  (5030, '2026-04-29 09:00:00', '2026-04-29 09:00:00', '2026-04-12', '2026-04-12', 2005),
  (5031, '2026-04-29 09:00:00', '2026-04-29 09:00:00', '2026-04-14', '2026-04-14', 2005),
  (5032, '2026-04-29 09:00:00', '2026-04-29 09:00:00', '2026-04-16', '2026-04-16', 2005),
  (5033, '2026-04-29 09:00:00', '2026-04-29 09:00:00', '2026-04-18', '2026-04-18', 2005),
  (5034, '2026-04-29 09:00:00', '2026-04-29 09:00:00', '2026-04-20', '2026-04-20', 2005),
  (5035, '2026-04-29 09:00:00', '2026-04-29 09:00:00', '2026-04-22', '2026-04-22', 2005),
  (5036, '2026-04-29 09:00:00', '2026-04-29 09:00:00', '2026-04-24', '2026-04-24', 2005),
  (5037, '2026-04-29 09:00:00', '2026-04-29 09:00:00', '2026-04-26', '2026-04-26', 2005),
  (5038, '2026-04-29 09:00:00', '2026-04-29 09:00:00', '2026-04-13', '2026-04-13', 2006),
  (5039, '2026-04-29 09:00:00', '2026-04-29 09:00:00', '2026-04-20', '2026-04-20', 2006),
  (5040, '2026-04-29 09:00:00', '2026-04-29 09:00:00', '2026-04-04', '2026-04-04', 2007),
  (5041, '2026-04-29 09:00:00', '2026-04-29 09:00:00', '2026-04-07', '2026-04-07', 2007),
  (5042, '2026-04-29 09:00:00', '2026-04-29 09:00:00', '2026-04-10', '2026-04-10', 2007),
  (5043, '2026-04-29 09:00:00', '2026-04-29 09:00:00', '2026-04-13', '2026-04-13', 2007),
  (5044, '2026-04-29 09:00:00', '2026-04-29 09:00:00', '2026-04-16', '2026-04-16', 2007),
  (5045, '2026-04-29 09:00:00', '2026-04-29 09:00:00', '2026-04-19', '2026-04-19', 2007),
  (5046, '2026-04-29 09:00:00', '2026-04-29 09:00:00', '2026-04-22', '2026-04-22', 2007),
  (5047, '2026-04-29 09:00:00', '2026-04-29 09:00:00', '2026-04-25', '2026-04-25', 2007),
  (5048, '2026-04-29 09:00:00', '2026-04-29 09:00:00', '2026-04-11', '2026-04-11', 2008),
  (5049, '2026-04-29 09:00:00', '2026-04-29 09:00:00', '2026-04-18', '2026-04-18', 2008),
  (5050, '2026-04-29 09:00:00', '2026-04-29 09:00:00', '2026-04-03', '2026-04-03', 2014),
  (5051, '2026-04-29 09:00:00', '2026-04-29 09:00:00', '2026-04-05', '2026-04-05', 2014),
  (5052, '2026-04-29 09:00:00', '2026-04-29 09:00:00', '2026-04-07', '2026-04-07', 2014),
  (5053, '2026-04-29 09:00:00', '2026-04-29 09:00:00', '2026-04-09', '2026-04-09', 2014),
  (5054, '2026-04-29 09:00:00', '2026-04-29 09:00:00', '2026-04-11', '2026-04-11', 2014),
  (5055, '2026-04-29 09:00:00', '2026-04-29 09:00:00', '2026-04-13', '2026-04-13', 2014),
  (5056, '2026-04-29 09:00:00', '2026-04-29 09:00:00', '2026-04-15', '2026-04-15', 2014),
  (5057, '2026-04-29 09:00:00', '2026-04-29 09:00:00', '2026-04-17', '2026-04-17', 2014),
  (5058, '2026-04-29 09:00:00', '2026-04-29 09:00:00', '2026-04-19', '2026-04-19', 2014),
  (5059, '2026-04-29 09:00:00', '2026-04-29 09:00:00', '2026-04-21', '2026-04-21', 2014),
  (5060, '2026-04-29 09:00:00', '2026-04-29 09:00:00', '2026-04-23', '2026-04-23', 2014),
  (5061, '2026-04-29 09:00:00', '2026-04-29 09:00:00', '2026-04-25', '2026-04-25', 2014),
  (5062, '2026-04-29 09:00:00', '2026-04-29 09:00:00', '2026-04-27', '2026-04-27', 2014),
  (5063, '2026-04-29 09:00:00', '2026-04-29 09:00:00', '2026-04-05', '2026-04-05', 2015),
  (5064, '2026-04-29 09:00:00', '2026-04-29 09:00:00', '2026-04-08', '2026-04-08', 2015),
  (5065, '2026-04-29 09:00:00', '2026-04-29 09:00:00', '2026-04-11', '2026-04-11', 2015),
  (5066, '2026-04-29 09:00:00', '2026-04-29 09:00:00', '2026-04-14', '2026-04-14', 2015),
  (5067, '2026-04-29 09:00:00', '2026-04-29 09:00:00', '2026-04-17', '2026-04-17', 2015),
  (5068, '2026-04-29 09:00:00', '2026-04-29 09:00:00', '2026-04-20', '2026-04-20', 2015),
  (5069, '2026-04-29 09:00:00', '2026-04-29 09:00:00', '2026-04-23', '2026-04-23', 2015),
  (5070, '2026-04-29 09:00:00', '2026-04-29 09:00:00', '2026-04-26', '2026-04-26', 2015);

UPDATE categories
SET created_at = CAST(strftime('%s', created_at) AS INTEGER) * 1000,
    updated_at = CAST(strftime('%s', updated_at) AS INTEGER) * 1000
WHERE id BETWEEN 1001 AND 1005;

UPDATE tasks
SET created_at = CAST(strftime('%s', created_at) AS INTEGER) * 1000,
    updated_at = CAST(strftime('%s', updated_at) AS INTEGER) * 1000,
    start_date = CAST(strftime('%s', start_date || ' 00:00:00', 'utc') AS INTEGER) * 1000,
    end_date = CASE
      WHEN end_date IS NULL THEN NULL
      ELSE CAST(strftime('%s', end_date || ' 00:00:00', 'utc') AS INTEGER) * 1000
    END
WHERE id BETWEEN 2001 AND 2016;

UPDATE task_fixed_dates
SET created_at = CAST(strftime('%s', created_at) AS INTEGER) * 1000
WHERE task_id BETWEEN 2001 AND 2016;

UPDATE task_recurrence_rules
SET created_at = CAST(strftime('%s', created_at) AS INTEGER) * 1000,
    updated_at = CAST(strftime('%s', updated_at) AS INTEGER) * 1000
WHERE task_id BETWEEN 2001 AND 2016;

UPDATE task_completions
SET created_at = CAST(strftime('%s', created_at) AS INTEGER) * 1000,
    updated_at = CAST(strftime('%s', updated_at) AS INTEGER) * 1000,
    completion_date = CAST(strftime('%s', completion_date || ' 00:00:00', 'utc') AS INTEGER) * 1000,
    occurrence_date = CAST(strftime('%s', occurrence_date || ' 00:00:00', 'utc') AS INTEGER) * 1000
WHERE task_id BETWEEN 2001 AND 2016;

COMMIT;
